EqID,Equation,Framework,Domain,Category,SourceDoc,SourceLine,Description,VerificationStatus,RelatedEqs,ExperimentalTest,ImportanceScore
AE009,"φ(d) = Σφ_i e^(-2πr/L_i), d = {3D, 4D, ..., 8D}",Aether,GR,Fundamental,_slice_Aether-Crystalline-Framework.md,84,"stability. Dimensional Mapping: φ(d) = Σφ_i e^(-2πr/L_i), d = {3D, 4D, ..., 8D} - Geometric Interpretations: - 3D: Physical lattice structure anchoring scalar interactions. - 4D: Time-resolved harmoni...",Theoretical,module:synthesis/modules/equations/eq_ae009_auto.tex#eq:aether:ae009,Scalar field interferometry,38
AE010,"Σφ_i e^(-2πr/L_i), d = {3D, 4D, ..., 8D}",Aether,GR,Fundamental,_slice_Aether-Crystalline-Framework.md,84,"stability. Dimensional Mapping: φ(d) = Σφ_i e^(-2πr/L_i), d = {3D, 4D, ..., 8D} - Geometric Interpretations: - 3D: Physical lattice structure anchoring scalar interactions. - 4D: Time-resolved harmoni...",Theoretical,module:synthesis/modules/equations/eq_ae010_auto.tex#eq:aether:ae010,Scalar field interferometry,38
AE019,H_lattice = Σ (φ(x) + ZPE(x) + δfoam)².,Aether,QM,Fundamental,_slice_Alpha003.02_Aether_Chrystalline_Fluidic_Framework.md,99,------------------------------------------- - **Definition**: The Aether lattice represents spacetime as a periodic quantum structure capable of mediating field interactions. - **Hamiltonian Represent...,Theoretical,module:synthesis/modules/equations/eq_ae019_auto.tex#eq:aether:ae019,Quantum foam perturbation detection,38
AE020,Σ (φ(x) + ZPE(x) + δfoam)².,Aether,QM,Fundamental,_slice_Alpha003.02_Aether_Chrystalline_Fluidic_Framework.md,99,------------------------------------------- - **Definition**: The Aether lattice represents spacetime as a periodic quantum structure capable of mediating field interactions. - **Hamiltonian Represent...,Theoretical,module:synthesis/modules/equations/eq_ae020_auto.tex#eq:aether:ae020,Quantum foam perturbation detection,38
UE001,"K_Genesis = K_base(x,y,t) · K_scalar-ZPE(x,t) · ℱ_M^extended · ℳ_n(x) · Φ_total(x,y,z,t)",Unified,GR,Fundamental,_slice_CLAUDE.md,85,"**Genesis Kernel Equation** (from Alpha001.06): ``` K_Genesis = K_base(x,y,t) · K_scalar-ZPE(x,t) · ℱ_M^extended · ℳ_n(x) · Φ_total(x,y,z,t) ``` **Aetheric Metric Perturbation** (from Alpha003.02):",Theoretical,module:synthesis/modules/equations/eq_ue001_auto.tex#eq:unified:ue001,Scalar field interferometry,28
AE002,"□φ + ∂V(φ)/∂φ + κR(t)φ + ζcos(ωt) + ξ(x, t) = 0",Aether,QM,Derived,_slice_Aether-Crystalline-Framework.md,25,"phenomena. Governing Equation: □φ + ∂V(φ)/∂φ + κR(t)φ + ζcos(ωt) + ξ(x, t) = 0 - Terms and Components: - □φ: D'Alembertian operator governing spacetime evolution. - ∂V(φ)/∂φ: Scalar potential gradient...",Theoretical,module:synthesis/modules/equations/eq_ae002_auto.tex#eq:aether:ae002,Scalar field interferometry,23
AE003,"φ + ∂V(φ)/∂φ + κR(t)φ + ζcos(ωt) + ξ(x, t) = 0",Aether,QM,Derived,_slice_Aether-Crystalline-Framework.md,25,"phenomena. Governing Equation: □φ + ∂V(φ)/∂φ + κR(t)φ + ζcos(ωt) + ξ(x, t) = 0 - Terms and Components: - □φ: D'Alembertian operator governing spacetime evolution. - ∂V(φ)/∂φ: Scalar potential gradient...",Theoretical,module:synthesis/modules/equations/eq_ae003_auto.tex#eq:aether:ae003,Scalar field interferometry,23
AE004,V(φ) = (1/2)m²φ² + (λ/4)φ⁴ + αφ⁶ + βφ⁸,Aether,QM,Phenomenological,_slice_Aether-Crystalline-Framework.md,34,"- ξ(x, t): Quantum foam stochastic perturbations, introducing local variability. **Potential Function Extensions:** V(φ) = (1/2)m²φ² + (λ/4)φ⁴ + αφ⁶ + βφ⁸ - Higher-order terms model chaotic, solitonic...",Theoretical,module:synthesis/modules/equations/eq_ae004_auto.tex#eq:aether:ae004,Quantum foam perturbation detection,23
AE005,φ) = (1/2)m²φ² + (λ/4)φ⁴ + αφ⁶ + βφ⁸,Aether,QM,Phenomenological,_slice_Aether-Crystalline-Framework.md,34,"- ξ(x, t): Quantum foam stochastic perturbations, introducing local variability. **Potential Function Extensions:** V(φ) = (1/2)m²φ² + (λ/4)φ⁴ + αφ⁶ + βφ⁸ - Higher-order terms model chaotic, solitonic...",Theoretical,module:synthesis/modules/equations/eq_ae005_auto.tex#eq:aether:ae005,Quantum foam perturbation detection,23
AE012,"ds² = g_μν dx^μ dx^ν + δg(φ, ZPE, foam),",Aether,QM,Phenomenological,_slice_Alpha003.02_Aether_Chrystalline_Fluidic_Framework.md,18,"--------------------------------------------- - **Definition**: Models spacetime as a dynamic crystalline quantum lattice, integrating scalar fields, zero-point energy (ZPE), and periodic structures. ...",Theoretical,module:synthesis/modules/equations/eq_ae012_auto.tex#eq:aether:ae012,Scalar field interferometry,23
AE013,"∇²φ - ∂²φ/∂t² + V'(φ) = -ρ,",Aether,GR,Derived,_slice_Alpha003.02_Aether_Chrystalline_Fluidic_Framework.md,32,"------------------------------------------- - **Definition**: Scalar fields assign a scalar value φ(x, t) to every point in spacetime, modulating local energy densities and curvature. - **Governing Eq...",Theoretical,module:synthesis/modules/equations/eq_ae013_auto.tex#eq:aether:ae013,Scalar field interferometry,23
AE014,"ρ_total = ρ_ZPE + gφ(t),",Aether,QM,Derived,_slice_Alpha003.02_Aether_Chrystalline_Fluidic_Framework.md,46,--------------------------------------------------- - **Definition**: ZPE represents the irreducible vacuum energy from quantum fluctuations. - **Unified Energy Density Equation**: ρ_total = ρ_ZPE + g...,Theoretical,module:synthesis/modules/equations/eq_ae014_auto.tex#eq:aether:ae014,Zero-point energy spectroscopy,23
AE016,"φ(t) = φ₀ cos(ωt) + Δφ sin(γt),",Aether,QM,Derived,_slice_Alpha003.02_Aether_Chrystalline_Fluidic_Framework.md,62,------------------------------------------ - **Definition**: Time crystals are quantum systems that break time-translation symmetry by exhibiting perpetual oscillations in their ground state. - **Osci...,Theoretical,module:synthesis/modules/equations/eq_ae016_auto.tex#eq:aether:ae016,Vibrational spectroscopy in crystals,23
AE017,ρ_foam = ⟨|E|²⟩ - ⟨E⟩².,Aether,QM,Derived,_slice_Alpha003.02_Aether_Chrystalline_Fluidic_Framework.md,75,"------------------------------------------ - **Definition**: Quantum foam represents the dynamic, fluctuating substructure of spacetime at Planck scales, characterized by transient curvature variation...",Theoretical,module:synthesis/modules/equations/eq_ae017_auto.tex#eq:aether:ae017,Quantum foam perturbation detection,23
AE018,ρ_neg = -g²/(8πG).,Aether,GR,Derived,_slice_Alpha003.02_Aether_Chrystalline_Fluidic_Framework.md,87,----------------------------------------------- - **Definition**: Negative energy densities stabilize exotic spacetime configurations such as wormholes and warp drives. - **Energy Density Equation**: ...,Theoretical,module:synthesis/modules/equations/eq_ae018_auto.tex#eq:aether:ae018,Theoretical validation required,23
PE001,============================================================,Pais,QM,Derived,_slice_draft reply to pais.md,3,# Draft Reply To Pais ============================================================ Title: Revisiting the SuperForce Theory: Integrating Quantum Scalar Fields and Aetheric Dynamics ====================...,Theoretical,module:synthesis/modules/equations/eq_pe001_auto.tex#eq:pais:pe001,Scalar field interferometry,23
PE003,"L_{\text{int}} = g φ \sin(ωt),",Pais,GR,Derived,_slice_draft reply to pais.md,50,"3. **Time Crystals in Spacetime Modulation**: Periodic temporal oscillations of time crystals synchronize spacetime dynamics: \[ L_{\text{int}} = g φ \sin(ωt), \] enabling the sustained coherence requ...",Theoretical,module:synthesis/modules/equations/eq_pe003_auto.tex#eq:pais:pe003,Vibrational spectroscopy in crystals,23
AE001,==================================,Aether,General,Derived,_slice_Aether-Crystalline-Framework.md,13,----- SECTION I: FOUNDATIONAL PRINCIPLES ================================== CORE PRINCIPLES ---------------,Theoretical,module:synthesis/modules/equations/eq_ae001_auto.tex#eq:aether:ae001,Theoretical validation required,15
AE006,"F(t, κ) = sin(t)e^(-κ²) + 1/(4π(1 + κ/8π)) + ζφ²e^(-|t₁ - t₂|/τ)",Aether,General,Derived,_slice_Aether-Crystalline-Framework.md,50,"into coherent harmonic states. Governing Relationship: F(t, κ) = sin(t)e^(-κ²) + 1/(4π(1 + κ/8π)) + ζφ²e^(-|t₁ - t₂|/τ) - Key Variables: - κ: Foam density parameter modulating energy fluctuations. - ζ...",Theoretical,module:synthesis/modules/equations/eq_ae006_auto.tex#eq:aether:ae006,Quantum foam perturbation detection,15
AE007,κ) = sin(t)e^(-κ²) + 1/(4π(1 + κ/8π)) + ζφ²e^(-|t₁ - t₂|/τ),Aether,General,Derived,_slice_Aether-Crystalline-Framework.md,50,"into coherent harmonic states. Governing Relationship: F(t, κ) = sin(t)e^(-κ²) + 1/(4π(1 + κ/8π)) + ζφ²e^(-|t₁ - t₂|/τ) - Key Variables: - κ: Foam density parameter modulating energy fluctuations. - ζ...",Theoretical,module:synthesis/modules/equations/eq_ae007_auto.tex#eq:aether:ae007,Quantum foam perturbation detection,15
AE008,S_holo = A/(4G) + κφ²cos(ωt) + α∇²φ,Aether,Thermo,Derived,_slice_Aether-Crystalline-Framework.md,68,systems. Governing Relation: S_holo = A/(4G) + κφ²cos(ωt) + α∇²φ - Terms and Components: - A/(4G): Baseline holographic entropy. - κφ²cos(ωt): Scalar modulation introducing oscillatory entropy variati...,Theoretical,module:synthesis/modules/equations/eq_ae008_auto.tex#eq:aether:ae008,Scalar field interferometry,15
AE011,==============================,Aether,General,Derived,_slice_Alpha003.02_Aether_Chrystalline_Fluidic_Framework.md,9,--------------------- Aetheric Fluidic-Crystalline Framework ============================== SECTION 0: FOUNDATIONAL PRINCIPLES -----------------------------------,Theoretical,module:synthesis/modules/equations/eq_ae011_auto.tex#eq:aether:ae011,Vibrational spectroscopy in crystals,15
AE015,"δg(ZPE, φ) = g₀ + λφ ZPE²,",Aether,EM,Derived,_slice_Alpha003.02_Aether_Chrystalline_Fluidic_Framework.md,49,"ρ_total = ρ_ZPE + gφ(t), where gφ(t) represents scalar field contributions. - **Scalar-ZPE Coupling**: δg(ZPE, φ) = g₀ + λφ ZPE², where λ represents the coupling constant. - **Applications**: - Stabil...",Theoretical,module:synthesis/modules/equations/eq_ae015_auto.tex#eq:aether:ae015,Scalar field interferometry,15
PE002,"E_{\text{ZPE}} = \int ρ_{\text{vac}} φ \, dx³,",Pais,General,Derived,_slice_draft reply to pais.md,43,"2. **ZPE Coherence and SuperForce Stability**: By incorporating ZPE, the Aether Framework introduces a self-sustaining energy source: \[ E_{\text{ZPE}} = \int ρ_{\text{vac}} φ \, dx³, \] where \(ρ_{\t...",Theoretical,module:synthesis/modules/equations/eq_pe002_auto.tex#eq:pais:pe002,Zero-point energy spectroscopy,15
UE002,"ds² = g_μν dx^μ dx^ν + δg(φ, ZPE, foam)",Unified,GR,Derived,_slice_CLAUDE.md,90,"**Aetheric Metric Perturbation** (from Alpha003.02): ``` ds² = g_μν dx^μ dx^ν + δg(φ, ZPE, foam) ``` **Scalar Field Dynamics**:",Theoretical,module:synthesis/modules/equations/eq_ue002_auto.tex#eq:unified:ue002,Scalar field interferometry,13
UE003,∇²φ - ∂²φ/∂t² + V'(φ) = -ρ,Unified,EM,Derived,_slice_CLAUDE.md,95,**Scalar Field Dynamics**: ``` ∇²φ - ∂²φ/∂t² + V'(φ) = -ρ ``` **Scalar-ZPE Coupling**:,Theoretical,module:synthesis/modules/equations/eq_ue003_auto.tex#eq:unified:ue003,Scalar field interferometry,0
UE004,L_int = g φ ZPE²,Unified,General,Derived,_slice_CLAUDE.md,100,**Scalar-ZPE Coupling**: ``` L_int = g φ ZPE²,Theoretical,module:synthesis/modules/equations/eq_ue004_auto.tex#eq:unified:ue004,Scalar field interferometry,0
